,accuracy,precision,recall,f1_score,cv_mean,cv_std
SVM,0.975,0.9629629629629629,1.0,0.9811320754716981,0.975,0.023385358667337135
Logistic Regression,0.95,0.9285714285714286,1.0,0.9629629629629629,0.96875,0.03423265984407288
K-Nearest Neighbors,0.925,0.896551724137931,1.0,0.9454545454545454,0.96875,0.01976423537605237
Random Forest,0.9,0.88,0.95,0.9143,0.9625,0.03061862178478973
XGBoost,0.825,0.8518518518518519,0.8846153846153846,0.8679245283018868,0.95,0.0375
